month,product_id,on_hand_units,reorder_point
2025-01,P100,9938,6000
2025-01,P200,7826,5000
2025-01,P300,5434,3000
2025-01,P400,8640,5500
2025-01,P500,6787,4500
2025-01,P600,10378,7000
2025-02,P100,10229,6000
2025-02,P200,8233,5000
2025-02,P300,5813,3000
2025-02,P400,8225,5500
2025-02,P500,7244,4500
2025-02,P600,10252,7000
2025-03,P100,9965,6000
2025-03,P200,8174,5000
2025-03,P300,6104,3000
2025-03,P400,8414,5500
2025-03,P500,7154,4500
2025-03,P600,10546,7000
2025-04,P100,10014,6000
2025-04,P200,7973,5000
2025-04,P300,5856,3000
2025-04,P400,8558,5500
2025-04,P500,7126,4500
2025-04,P600,10064,7000
2025-05,P100,10310,6000
2025-05,P200,7805,5000
2025-05,P300,6414,3000
2025-05,P400,8067,5500
2025-05,P500,7062,4500
2025-05,P600,9819,7000
2025-06,P100,9969,6000
2025-06,P200,7635,5000
2025-06,P300,6733,3000
2025-06,P400,8117,5500
2025-06,P500,6785,4500
2025-06,P600,9179,7000
2025-07,P100,9366,6000
2025-07,P200,7447,5000
2025-07,P300,5862,3000
2025-07,P400,8039,5500
2025-07,P500,5990,4500
2025-07,P600,9147,7000
2025-08,P100,9726,6000
2025-08,P200,8015,5000
2025-08,P300,4449,3000
2025-08,P400,7758,5500
2025-08,P500,5691,4500
2025-08,P600,9198,7000
2025-09,P100,9299,6000
2025-09,P200,8604,5000
2025-09,P300,3764,3000
2025-09,P400,7715,5500
2025-09,P500,6248,4500
2025-09,P600,9192,7000
2025-10,P100,9439,6000
2025-10,P200,8341,5000
2025-10,P300,2684,3000
2025-10,P400,7501,5500
2025-10,P500,7014,4500
2025-10,P600,9414,7000
2025-11,P100,9535,6000
2025-11,P200,7999,5000
2025-11,P300,3103,3000
2025-11,P400,7026,5500
2025-11,P500,6465,4500
2025-11,P600,9218,7000
2025-12,P100,10219,6000
2025-12,P200,8663,5000
2025-12,P300,3445,3000
2025-12,P400,6790,5500
2025-12,P500,5891,4500
2025-12,P600,9246,7000
