machine_id,line_id,machine_type,defect_rate_pct,downtime_events,downtime_min,defect_vs_avg_x,downtime_vs_avg_x,status
C-02,C,CNC Mill,4.4,55,3209,2.1,2.57,INVESTIGATE
C-01,C,CNC Mill,3.33,28,1015,1.59,0.81,ok
B-03,B,Stamping Press,2.05,37,1600,0.98,1.28,ok
C-03,C,CNC Lathe,2.17,32,1142,1.03,0.91,ok
B-01,B,Press Brake,1.97,29,1110,0.94,0.89,ok
A-01,A,CNC Mill,1.4,30,1409,0.67,1.13,ok
A-02,A,CNC Lathe,1.6,27,1059,0.76,0.85,ok
B-02,B,Laser Cutter,1.62,28,1037,0.77,0.83,ok
D-03,D,Laser Cutter,1.73,25,936,0.82,0.75,ok
D-02,D,Stamping Press,1.79,26,779,0.85,0.62,ok
D-01,D,CNC Lathe,1.62,20,821,0.77,0.66,ok
A-03,A,CNC Lathe,1.46,22,877,0.7,0.7,ok
